<?xml version="1.0" encoding="UTF-8"?>
<project-private xmlns="http://www.netbeans.org/ns/project-private/1">
    <editor-bookmarks xmlns="http://www.netbeans.org/ns/editor-bookmarks/2" lastBookmarkId="0"/>
    <open-files xmlns="http://www.netbeans.org/ns/projectui-open-files/2">
        <group>
            <file>file:/Users/zhouzhou/NetBeansProjects8.2/fitness/src/java/zzz/dao/UserDAO.java</file>
            <file>file:/Users/zhouzhou/NetBeansProjects8.2/fitness/web/WEB-INF/jsp/userCourseDetail.jsp</file>
            <file>file:/Users/zhouzhou/NetBeansProjects8.2/fitness/web/WEB-INF/jsp/coachCourseDetail.jsp</file>
            <file>file:/Users/zhouzhou/NetBeansProjects8.2/fitness/web/WEB-INF/jsp/coachCourse.jsp</file>
            <file>file:/Users/zhouzhou/NetBeansProjects8.2/fitness/src/java/course.hbm.xml</file>
            <file>file:/Users/zhouzhou/NetBeansProjects8.2/fitness/web/WEB-INF/jsp/CoachPage.jsp</file>
            <file>file:/Users/zhouzhou/NetBeansProjects8.2/fitness/src/java/zzz/dao/CoachDAO.java</file>
            <file>file:/Users/zhouzhou/NetBeansProjects8.2/fitness/web/WEB-INF/jsp/userMoreVideos.jsp</file>
            <file>file:/Users/zhouzhou/NetBeansProjects8.2/fitness/src/java/zzz/controller/DetailController.java</file>
            <file>file:/Users/zhouzhou/NetBeansProjects8.2/fitness/src/java/zzz/dao/CourseDAO.java</file>
            <file>file:/Users/zhouzhou/NetBeansProjects8.2/fitness/src/java/zzz/controller/SubscribeController.java</file>
            <file>file:/Users/zhouzhou/NetBeansProjects8.2/fitness/src/java/zzz/dao/DAO.java</file>
            <file>file:/Users/zhouzhou/NetBeansProjects8.2/fitness/web/WEB-INF/jsp/searchResult.jsp</file>
            <file>file:/Users/zhouzhou/NetBeansProjects8.2/fitness/src/java/zzz/pojo/Person.java</file>
            <file>file:/Users/zhouzhou/NetBeansProjects8.2/fitness/src/java/zzz/controller/searchController.java</file>
            <file>file:/Users/zhouzhou/NetBeansProjects8.2/fitness/web/css/form.css</file>
            <file>file:/Users/zhouzhou/NetBeansProjects8.2/fitness/src/java/user.hbm.xml</file>
            <file>file:/Users/zhouzhou/NetBeansProjects8.2/fitness/src/java/zzz/dao/PersonDAO.java</file>
        </group>
    </open-files>
</project-private>
